model,rmse_train,rmse_test,mae_test,r2_train,r2_test
LinearRegression,4.325577301340059,4.31580090345607,3.042292510766778,0.32220987433974224,0.329803877517179
RandomForest,2.6065926694849297,2.974434527924036,1.8735207847367215,0.7538763078017212,0.6816624017618069
GradientBoosting,3.66624249377732,3.674950175566946,2.537132921877992,0.5130891457121278,0.5140607060307466
XGBoost,3.2563697858385057,3.320154510368905,2.25368065382621,0.615873282247551,0.6033607414377231
